city,run,epoch,gps_tow,sat_id,los_gt,reflection_present,excess_delay_m
nagoya,run3,0,553800.0,E04,True,False,0.0
nagoya,run3,0,553800.0,E09,True,False,0.0
nagoya,run3,0,553800.0,E24,True,False,0.0
nagoya,run3,0,553800.0,E31,True,False,0.0
nagoya,run3,0,553800.0,E36,True,False,0.0
nagoya,run3,0,553800.0,G10,True,False,0.0
nagoya,run3,0,553800.0,G12,True,False,0.0
nagoya,run3,0,553800.0,G15,True,False,0.0
nagoya,run3,0,553800.0,G23,True,False,0.0
nagoya,run3,0,553800.0,G24,True,False,0.0
nagoya,run3,0,553800.0,G25,True,False,0.0
nagoya,run3,0,553800.0,G28,True,False,0.0
nagoya,run3,0,553800.0,G32,True,False,0.0
nagoya,run3,0,553800.0,J02,True,False,0.0
nagoya,run3,0,553800.0,J07,True,False,0.0
nagoya,run3,0,553800.0,R03,True,False,0.0
nagoya,run3,60,553812.0,E04,True,False,0.0
nagoya,run3,60,553812.0,E09,True,False,0.0
nagoya,run3,60,553812.0,E24,True,False,0.0
nagoya,run3,60,553812.0,E31,True,False,0.0
nagoya,run3,60,553812.0,E36,True,False,0.0
nagoya,run3,60,553812.0,G10,True,False,0.0
nagoya,run3,60,553812.0,G12,True,False,0.0
nagoya,run3,60,553812.0,G15,True,False,0.0
nagoya,run3,60,553812.0,G23,True,False,0.0
nagoya,run3,60,553812.0,G24,True,False,0.0
nagoya,run3,60,553812.0,G25,True,False,0.0
nagoya,run3,60,553812.0,G28,True,False,0.0
nagoya,run3,60,553812.0,G32,True,False,0.0
nagoya,run3,60,553812.0,J02,True,False,0.0
nagoya,run3,60,553812.0,J03,True,False,0.0
nagoya,run3,60,553812.0,J07,True,False,0.0
nagoya,run3,60,553812.0,R03,True,False,0.0
nagoya,run3,120,553824.0,E04,True,False,0.0
nagoya,run3,120,553824.0,E09,True,False,0.0
nagoya,run3,120,553824.0,E24,True,False,0.0
nagoya,run3,120,553824.0,E31,True,False,0.0
nagoya,run3,120,553824.0,E36,True,False,0.0
nagoya,run3,120,553824.0,G10,True,False,0.0
nagoya,run3,120,553824.0,G12,True,False,0.0
nagoya,run3,120,553824.0,G15,True,False,0.0
nagoya,run3,120,553824.0,G23,True,False,0.0
nagoya,run3,120,553824.0,G24,True,False,0.0
nagoya,run3,120,553824.0,G25,True,False,0.0
nagoya,run3,120,553824.0,G28,True,False,0.0
nagoya,run3,120,553824.0,G32,True,False,0.0
nagoya,run3,120,553824.0,J02,True,False,0.0
nagoya,run3,120,553824.0,J03,True,False,0.0
nagoya,run3,120,553824.0,J07,True,False,0.0
nagoya,run3,120,553824.0,R03,True,False,0.0
nagoya,run3,180,553836.0,E04,True,False,0.0
nagoya,run3,180,553836.0,E09,True,False,0.0
nagoya,run3,180,553836.0,E24,True,False,0.0
nagoya,run3,180,553836.0,E31,True,False,0.0
nagoya,run3,180,553836.0,E36,True,False,0.0
nagoya,run3,180,553836.0,G10,True,False,0.0
nagoya,run3,180,553836.0,G12,True,False,0.0
nagoya,run3,180,553836.0,G15,True,False,0.0
nagoya,run3,180,553836.0,G23,True,False,0.0
nagoya,run3,180,553836.0,G24,True,False,0.0
nagoya,run3,180,553836.0,G25,True,False,0.0
nagoya,run3,180,553836.0,G28,True,False,0.0
nagoya,run3,180,553836.0,G32,True,False,0.0
nagoya,run3,180,553836.0,J02,True,False,0.0
nagoya,run3,180,553836.0,J03,True,False,0.0
nagoya,run3,180,553836.0,J07,True,False,0.0
nagoya,run3,180,553836.0,R03,True,False,0.0
nagoya,run3,240,553848.0,E04,True,False,0.0
nagoya,run3,240,553848.0,E09,True,False,0.0
nagoya,run3,240,553848.0,E24,True,False,0.0
nagoya,run3,240,553848.0,E31,True,False,0.0
nagoya,run3,240,553848.0,E36,True,False,0.0
nagoya,run3,240,553848.0,G10,True,False,0.0
nagoya,run3,240,553848.0,G12,True,False,0.0
nagoya,run3,240,553848.0,G15,True,False,0.0
nagoya,run3,240,553848.0,G23,True,False,0.0
nagoya,run3,240,553848.0,G24,True,False,0.0
nagoya,run3,240,553848.0,G25,True,False,0.0
nagoya,run3,240,553848.0,G28,True,False,0.0
nagoya,run3,240,553848.0,G32,True,False,0.0
nagoya,run3,240,553848.0,J02,True,False,0.0
nagoya,run3,240,553848.0,J03,True,False,0.0
nagoya,run3,240,553848.0,J07,True,False,0.0
nagoya,run3,240,553848.0,R03,True,False,0.0
nagoya,run3,300,553860.0,E04,True,False,0.0
nagoya,run3,300,553860.0,E09,True,False,0.0
nagoya,run3,300,553860.0,E24,True,False,0.0
nagoya,run3,300,553860.0,E31,True,False,0.0
nagoya,run3,300,553860.0,E36,True,False,0.0
nagoya,run3,300,553860.0,G10,True,False,0.0
nagoya,run3,300,553860.0,G12,True,False,0.0
nagoya,run3,300,553860.0,G15,True,False,0.0
nagoya,run3,300,553860.0,G23,True,False,0.0
nagoya,run3,300,553860.0,G24,True,False,0.0
nagoya,run3,300,553860.0,G25,True,False,0.0
nagoya,run3,300,553860.0,G28,True,False,0.0
nagoya,run3,300,553860.0,G32,True,False,0.0
nagoya,run3,300,553860.0,J02,True,False,0.0
nagoya,run3,300,553860.0,J03,True,False,0.0
nagoya,run3,300,553860.0,J07,True,False,0.0
nagoya,run3,300,553860.0,R03,True,False,0.0
nagoya,run3,360,553872.0,E04,True,False,0.0
nagoya,run3,360,553872.0,E09,True,False,0.0
nagoya,run3,360,553872.0,E24,True,False,0.0
nagoya,run3,360,553872.0,E31,True,False,0.0
nagoya,run3,360,553872.0,E36,True,False,0.0
nagoya,run3,360,553872.0,G10,True,False,0.0
nagoya,run3,360,553872.0,G12,True,False,0.0
nagoya,run3,360,553872.0,G15,True,False,0.0
nagoya,run3,360,553872.0,G23,True,False,0.0
nagoya,run3,360,553872.0,G24,True,False,0.0
nagoya,run3,360,553872.0,G25,True,False,0.0
nagoya,run3,360,553872.0,G28,True,False,0.0
nagoya,run3,360,553872.0,J02,True,False,0.0
nagoya,run3,360,553872.0,J07,True,False,0.0
nagoya,run3,360,553872.0,R03,True,False,0.0
nagoya,run3,420,553884.0,E04,True,False,0.0
nagoya,run3,420,553884.0,E09,True,False,0.0
nagoya,run3,420,553884.0,E31,True,False,0.0
nagoya,run3,420,553884.0,E36,True,False,0.0
nagoya,run3,420,553884.0,G10,True,False,0.0
nagoya,run3,420,553884.0,G12,True,False,0.0
nagoya,run3,420,553884.0,G15,True,False,0.0
nagoya,run3,420,553884.0,G23,True,False,0.0
nagoya,run3,420,553884.0,G24,True,False,0.0
nagoya,run3,420,553884.0,G25,True,False,0.0
nagoya,run3,420,553884.0,G28,True,False,0.0
nagoya,run3,420,553884.0,G32,True,False,0.0
nagoya,run3,420,553884.0,J02,True,False,0.0
nagoya,run3,420,553884.0,J03,True,False,0.0
nagoya,run3,420,553884.0,J07,True,False,0.0
nagoya,run3,420,553884.0,R03,True,False,0.0
nagoya,run3,480,553896.0,E04,True,False,0.0
nagoya,run3,480,553896.0,E09,True,False,0.0
nagoya,run3,480,553896.0,E24,True,False,0.0
nagoya,run3,480,553896.0,E31,True,False,0.0
nagoya,run3,480,553896.0,E36,True,False,0.0
nagoya,run3,480,553896.0,G10,True,False,0.0
nagoya,run3,480,553896.0,G12,True,False,0.0
nagoya,run3,480,553896.0,G15,True,False,0.0
nagoya,run3,480,553896.0,G23,True,False,0.0
nagoya,run3,480,553896.0,G24,True,False,0.0
nagoya,run3,480,553896.0,G25,True,False,0.0
nagoya,run3,480,553896.0,G28,True,False,0.0
nagoya,run3,480,553896.0,G32,True,False,0.0
nagoya,run3,480,553896.0,J02,True,False,0.0
nagoya,run3,480,553896.0,J03,True,False,0.0
nagoya,run3,480,553896.0,J07,True,False,0.0
nagoya,run3,480,553896.0,R03,True,False,0.0
nagoya,run3,540,553908.0,E04,True,False,0.0
nagoya,run3,540,553908.0,E09,True,False,0.0
nagoya,run3,540,553908.0,E24,True,False,0.0
nagoya,run3,540,553908.0,E31,True,False,0.0
nagoya,run3,540,553908.0,E36,True,False,0.0
nagoya,run3,540,553908.0,G10,True,False,0.0
nagoya,run3,540,553908.0,G12,True,False,0.0
nagoya,run3,540,553908.0,G15,True,False,0.0
nagoya,run3,540,553908.0,G23,True,False,0.0
nagoya,run3,540,553908.0,G24,True,False,0.0
nagoya,run3,540,553908.0,G25,True,False,0.0
nagoya,run3,540,553908.0,G28,True,False,0.0
nagoya,run3,540,553908.0,G32,True,False,0.0
nagoya,run3,540,553908.0,J02,True,False,0.0
nagoya,run3,540,553908.0,J07,True,False,0.0
nagoya,run3,540,553908.0,R03,True,False,0.0
nagoya,run3,600,553920.0,E04,True,False,0.0
nagoya,run3,600,553920.0,E09,True,False,0.0
nagoya,run3,600,553920.0,E24,True,False,0.0
nagoya,run3,600,553920.0,E31,True,False,0.0
nagoya,run3,600,553920.0,E36,True,False,0.0
nagoya,run3,600,553920.0,G10,True,False,0.0
nagoya,run3,600,553920.0,G12,True,False,0.0
nagoya,run3,600,553920.0,G15,True,False,0.0
nagoya,run3,600,553920.0,G23,True,False,0.0
nagoya,run3,600,553920.0,G24,True,False,0.0
nagoya,run3,600,553920.0,G25,True,False,0.0
nagoya,run3,600,553920.0,G28,True,False,0.0
nagoya,run3,600,553920.0,G32,True,False,0.0
nagoya,run3,600,553920.0,J02,True,False,0.0
nagoya,run3,600,553920.0,J07,True,False,0.0
nagoya,run3,600,553920.0,R03,True,False,0.0
nagoya,run3,660,553932.0,E04,True,False,0.0
nagoya,run3,660,553932.0,E09,True,False,0.0
nagoya,run3,660,553932.0,E31,True,False,0.0
nagoya,run3,660,553932.0,E36,True,False,0.0
nagoya,run3,660,553932.0,G10,True,False,0.0
nagoya,run3,660,553932.0,G12,True,False,0.0
nagoya,run3,660,553932.0,G15,True,False,0.0
nagoya,run3,660,553932.0,G23,True,False,0.0
nagoya,run3,660,553932.0,G24,True,False,0.0
nagoya,run3,660,553932.0,G25,True,False,0.0
nagoya,run3,660,553932.0,G28,True,False,0.0
nagoya,run3,660,553932.0,G32,True,False,0.0
nagoya,run3,660,553932.0,J02,True,False,0.0
nagoya,run3,660,553932.0,J03,True,False,0.0
nagoya,run3,660,553932.0,J07,True,False,0.0
nagoya,run3,660,553932.0,R03,True,False,0.0
nagoya,run3,720,553944.0,E04,True,False,0.0
nagoya,run3,720,553944.0,E09,True,False,0.0
nagoya,run3,720,553944.0,E24,True,False,0.0
nagoya,run3,720,553944.0,E31,True,False,0.0
nagoya,run3,720,553944.0,E36,True,False,0.0
nagoya,run3,720,553944.0,G10,True,False,0.0
nagoya,run3,720,553944.0,G12,True,False,0.0
nagoya,run3,720,553944.0,G15,True,False,0.0
nagoya,run3,720,553944.0,G23,True,False,0.0
nagoya,run3,720,553944.0,G24,True,False,0.0
nagoya,run3,720,553944.0,G25,True,False,0.0
nagoya,run3,720,553944.0,G28,True,False,0.0
nagoya,run3,720,553944.0,G32,True,False,0.0
nagoya,run3,720,553944.0,J02,True,False,0.0
nagoya,run3,720,553944.0,J03,True,False,0.0
nagoya,run3,720,553944.0,J07,True,False,0.0
nagoya,run3,720,553944.0,R03,True,False,0.0
nagoya,run3,780,553956.0,E04,True,False,0.0
nagoya,run3,780,553956.0,E09,True,False,0.0
nagoya,run3,780,553956.0,E24,True,False,0.0
nagoya,run3,780,553956.0,E31,True,False,0.0
nagoya,run3,780,553956.0,G10,True,False,0.0
nagoya,run3,780,553956.0,G12,True,False,0.0
nagoya,run3,780,553956.0,G15,True,False,0.0
nagoya,run3,780,553956.0,G23,True,False,0.0
nagoya,run3,780,553956.0,G24,True,False,0.0
nagoya,run3,780,553956.0,G25,True,False,0.0
nagoya,run3,780,553956.0,G28,True,False,0.0
nagoya,run3,780,553956.0,G32,True,False,0.0
nagoya,run3,780,553956.0,J02,True,False,0.0
nagoya,run3,780,553956.0,J03,True,False,0.0
nagoya,run3,780,553956.0,J07,True,False,0.0
nagoya,run3,780,553956.0,R03,True,False,0.0
nagoya,run3,840,553968.0,E04,True,False,0.0
nagoya,run3,840,553968.0,E09,True,False,0.0
nagoya,run3,840,553968.0,E24,True,False,0.0
nagoya,run3,840,553968.0,E31,True,False,0.0
nagoya,run3,840,553968.0,E36,True,False,0.0
nagoya,run3,840,553968.0,G10,True,False,0.0
nagoya,run3,840,553968.0,G12,True,False,0.0
nagoya,run3,840,553968.0,G15,True,False,0.0
nagoya,run3,840,553968.0,G23,True,False,0.0
nagoya,run3,840,553968.0,G24,True,False,0.0
nagoya,run3,840,553968.0,G25,True,False,0.0
nagoya,run3,840,553968.0,G28,True,False,0.0
nagoya,run3,840,553968.0,J02,True,False,0.0
nagoya,run3,840,553968.0,J03,True,False,0.0
nagoya,run3,840,553968.0,J07,True,False,0.0
nagoya,run3,840,553968.0,R03,True,False,0.0
nagoya,run3,900,553980.0,E04,True,False,0.0
nagoya,run3,900,553980.0,E09,True,False,0.0
nagoya,run3,900,553980.0,E24,True,False,0.0
nagoya,run3,900,553980.0,E31,True,False,0.0
nagoya,run3,900,553980.0,E36,True,False,0.0
nagoya,run3,900,553980.0,G10,True,False,0.0
nagoya,run3,900,553980.0,G12,True,False,0.0
nagoya,run3,900,553980.0,G15,True,False,0.0
nagoya,run3,900,553980.0,G23,True,False,0.0
nagoya,run3,900,553980.0,G24,True,False,0.0
nagoya,run3,900,553980.0,G25,True,False,0.0
nagoya,run3,900,553980.0,G28,True,False,0.0
nagoya,run3,900,553980.0,J02,True,False,0.0
nagoya,run3,900,553980.0,J03,True,False,0.0
nagoya,run3,900,553980.0,J07,True,False,0.0
nagoya,run3,900,553980.0,R03,True,False,0.0
nagoya,run3,960,553992.0,E04,True,True,67.03191909193993
nagoya,run3,960,553992.0,E09,True,True,67.03191909193993
nagoya,run3,960,553992.0,E24,True,True,67.03191909193993
nagoya,run3,960,553992.0,E31,True,True,67.03191909193993
nagoya,run3,960,553992.0,G10,True,True,67.03191909193993
nagoya,run3,960,553992.0,G12,True,True,67.03191909193993
nagoya,run3,960,553992.0,G23,True,True,67.03191909193993
nagoya,run3,960,553992.0,G24,True,True,67.03191909193993
nagoya,run3,960,553992.0,G25,True,True,67.03191909193993
nagoya,run3,960,553992.0,J02,True,True,67.03191909193993
nagoya,run3,960,553992.0,J07,True,True,67.03191909193993
nagoya,run3,960,553992.0,R03,True,True,67.03191909193993
nagoya,run3,1020,554004.0,E04,True,True,50.783375546336174
nagoya,run3,1020,554004.0,E09,True,True,50.783375546336174
nagoya,run3,1020,554004.0,E24,True,True,50.783375546336174
nagoya,run3,1020,554004.0,E31,True,True,50.783375546336174
nagoya,run3,1020,554004.0,E36,True,True,50.783375546336174
nagoya,run3,1020,554004.0,G10,True,True,50.783375546336174
nagoya,run3,1020,554004.0,G12,True,True,50.783375546336174
nagoya,run3,1020,554004.0,G23,True,True,50.783375546336174
nagoya,run3,1020,554004.0,G24,True,True,50.783375546336174
nagoya,run3,1020,554004.0,G25,True,True,50.783375546336174
nagoya,run3,1020,554004.0,G32,True,True,50.783375546336174
nagoya,run3,1020,554004.0,J02,True,True,50.783375546336174
nagoya,run3,1020,554004.0,J03,True,True,50.783375546336174
nagoya,run3,1020,554004.0,J07,True,True,50.783375546336174
nagoya,run3,1020,554004.0,R03,True,True,50.783375546336174
nagoya,run3,1080,554016.0,E09,True,False,0.0
nagoya,run3,1080,554016.0,E24,True,False,0.0
nagoya,run3,1080,554016.0,E31,True,False,0.0
nagoya,run3,1080,554016.0,G10,True,False,0.0
nagoya,run3,1080,554016.0,G12,True,False,0.0
nagoya,run3,1080,554016.0,G15,False,False,0.0
nagoya,run3,1080,554016.0,G23,True,False,0.0
nagoya,run3,1080,554016.0,G25,True,False,0.0
nagoya,run3,1080,554016.0,G32,True,False,0.0
nagoya,run3,1080,554016.0,J02,True,False,0.0
nagoya,run3,1080,554016.0,J07,True,False,0.0
nagoya,run3,1080,554016.0,R03,True,False,0.0
nagoya,run3,1140,554028.0,E09,True,True,69.51645991578698
nagoya,run3,1140,554028.0,E24,True,True,69.51645991578698
nagoya,run3,1140,554028.0,E31,True,True,69.51645991578698
nagoya,run3,1140,554028.0,E36,True,True,69.51645991578698
nagoya,run3,1140,554028.0,G10,True,True,69.51645991578698
nagoya,run3,1140,554028.0,G12,True,True,69.51645991578698
nagoya,run3,1140,554028.0,G15,False,True,69.51645991578698
nagoya,run3,1140,554028.0,G23,True,True,69.51645991578698
nagoya,run3,1140,554028.0,G24,True,True,69.51645991578698
nagoya,run3,1140,554028.0,G25,True,True,69.51645991578698
nagoya,run3,1140,554028.0,G32,True,True,69.51645991578698
nagoya,run3,1140,554028.0,J02,True,True,69.51645991578698
nagoya,run3,1140,554028.0,J07,True,True,69.51645991578698
nagoya,run3,1140,554028.0,R03,True,True,69.51645991578698
nagoya,run3,1200,554040.0,E09,True,False,0.0
nagoya,run3,1200,554040.0,E24,True,False,0.0
nagoya,run3,1200,554040.0,E31,True,False,0.0
nagoya,run3,1200,554040.0,E36,False,False,0.0
nagoya,run3,1200,554040.0,G12,True,False,0.0
nagoya,run3,1200,554040.0,G23,True,False,0.0
nagoya,run3,1200,554040.0,G24,True,False,0.0
nagoya,run3,1200,554040.0,G25,True,False,0.0
nagoya,run3,1200,554040.0,J02,True,False,0.0
nagoya,run3,1200,554040.0,J03,True,False,0.0
nagoya,run3,1200,554040.0,J07,True,False,0.0
nagoya,run3,1200,554040.0,R03,True,False,0.0
nagoya,run3,1260,554052.0,E09,True,False,0.0
nagoya,run3,1260,554052.0,E24,True,False,0.0
nagoya,run3,1260,554052.0,E31,True,False,0.0
nagoya,run3,1260,554052.0,G10,True,False,0.0
nagoya,run3,1260,554052.0,G12,True,False,0.0
nagoya,run3,1260,554052.0,G23,True,False,0.0
nagoya,run3,1260,554052.0,G24,True,False,0.0
nagoya,run3,1260,554052.0,G25,True,False,0.0
nagoya,run3,1260,554052.0,G32,True,False,0.0
nagoya,run3,1260,554052.0,J02,True,False,0.0
nagoya,run3,1260,554052.0,J03,True,False,0.0
nagoya,run3,1260,554052.0,J07,True,False,0.0
nagoya,run3,1260,554052.0,R03,True,False,0.0
nagoya,run3,1320,554064.0,E09,True,True,90.5368685387075
nagoya,run3,1320,554064.0,E31,True,True,90.5368685387075
nagoya,run3,1320,554064.0,G10,True,True,90.5368685387075
nagoya,run3,1320,554064.0,G12,True,True,90.5368685387075
nagoya,run3,1320,554064.0,G15,False,True,90.5368685387075
nagoya,run3,1320,554064.0,G23,True,True,90.5368685387075
nagoya,run3,1320,554064.0,G24,False,True,90.5368685387075
nagoya,run3,1320,554064.0,G25,True,True,90.5368685387075
nagoya,run3,1320,554064.0,G32,True,True,90.5368685387075
nagoya,run3,1320,554064.0,J02,True,True,90.5368685387075
nagoya,run3,1320,554064.0,J03,True,True,90.5368685387075
nagoya,run3,1320,554064.0,J07,True,True,90.5368685387075
nagoya,run3,1320,554064.0,R03,True,True,90.5368685387075
nagoya,run3,1380,554076.0,E04,True,True,63.63606084138155
nagoya,run3,1380,554076.0,E09,True,True,63.63606084138155
nagoya,run3,1380,554076.0,E24,True,True,63.63606084138155
nagoya,run3,1380,554076.0,E31,True,True,63.63606084138155
nagoya,run3,1380,554076.0,G10,True,True,63.63606084138155
nagoya,run3,1380,554076.0,G12,True,True,63.63606084138155
nagoya,run3,1380,554076.0,G23,True,True,63.63606084138155
nagoya,run3,1380,554076.0,G25,True,True,63.63606084138155
nagoya,run3,1380,554076.0,G32,True,True,63.63606084138155
nagoya,run3,1380,554076.0,J02,True,True,63.63606084138155
nagoya,run3,1380,554076.0,J07,True,True,63.63606084138155
nagoya,run3,1380,554076.0,R03,True,True,63.63606084138155
nagoya,run3,1440,554088.0,E04,True,True,63.60266527161002
nagoya,run3,1440,554088.0,E09,True,True,63.60266527161002
nagoya,run3,1440,554088.0,E24,True,True,63.60266527161002
nagoya,run3,1440,554088.0,E31,True,True,63.60266527161002
nagoya,run3,1440,554088.0,G10,True,True,63.60266527161002
nagoya,run3,1440,554088.0,G12,True,True,63.60266527161002
nagoya,run3,1440,554088.0,G15,False,True,63.60266527161002
nagoya,run3,1440,554088.0,G23,True,True,63.60266527161002
nagoya,run3,1440,554088.0,G24,True,True,63.60266527161002
nagoya,run3,1440,554088.0,G25,True,True,63.60266527161002
nagoya,run3,1440,554088.0,G32,True,True,63.60266527161002
nagoya,run3,1440,554088.0,J02,True,True,63.60266527161002
nagoya,run3,1440,554088.0,J03,True,True,63.60266527161002
nagoya,run3,1440,554088.0,J07,True,True,63.60266527161002
nagoya,run3,1500,554100.0,E04,True,True,63.570080041885376
nagoya,run3,1500,554100.0,E09,True,True,63.570080041885376
nagoya,run3,1500,554100.0,E24,True,True,63.570080041885376
nagoya,run3,1500,554100.0,E31,True,True,63.570080041885376
nagoya,run3,1500,554100.0,G10,True,True,63.570080041885376
nagoya,run3,1500,554100.0,G12,True,True,63.570080041885376
nagoya,run3,1500,554100.0,G23,True,True,63.570080041885376
nagoya,run3,1500,554100.0,G24,True,True,63.570080041885376
nagoya,run3,1500,554100.0,G25,True,True,63.570080041885376
nagoya,run3,1500,554100.0,G28,True,True,63.570080041885376
nagoya,run3,1500,554100.0,G32,True,True,63.570080041885376
nagoya,run3,1500,554100.0,J02,True,True,63.570080041885376
nagoya,run3,1500,554100.0,J03,True,True,63.570080041885376
nagoya,run3,1500,554100.0,J07,True,True,63.570080041885376
nagoya,run3,1500,554100.0,R03,True,True,63.570080041885376
nagoya,run3,1560,554112.0,E04,True,True,63.5355898886919
nagoya,run3,1560,554112.0,E09,True,True,63.5355898886919
nagoya,run3,1560,554112.0,E24,True,True,63.5355898886919
nagoya,run3,1560,554112.0,E31,True,True,63.5355898886919
nagoya,run3,1560,554112.0,G10,True,True,63.5355898886919
nagoya,run3,1560,554112.0,G12,True,True,63.5355898886919
nagoya,run3,1560,554112.0,G23,True,True,63.5355898886919
nagoya,run3,1560,554112.0,G24,True,True,63.5355898886919
nagoya,run3,1560,554112.0,G25,True,True,63.5355898886919
nagoya,run3,1560,554112.0,G32,True,True,63.5355898886919
nagoya,run3,1560,554112.0,J02,True,True,63.5355898886919
nagoya,run3,1560,554112.0,J03,False,True,63.5355898886919
nagoya,run3,1560,554112.0,J07,True,True,63.5355898886919
nagoya,run3,1560,554112.0,R03,True,True,63.5355898886919
nagoya,run3,1620,554124.0,E04,True,True,65.06579439714551
nagoya,run3,1620,554124.0,E09,True,True,65.06579439714551
nagoya,run3,1620,554124.0,E24,True,True,65.06579439714551
nagoya,run3,1620,554124.0,E31,True,True,65.06579439714551
nagoya,run3,1620,554124.0,G12,True,True,65.06579439714551
nagoya,run3,1620,554124.0,G23,True,True,65.06579439714551
nagoya,run3,1620,554124.0,G24,False,True,65.06579439714551
nagoya,run3,1620,554124.0,G25,True,True,65.06579439714551
nagoya,run3,1620,554124.0,G32,True,True,65.06579439714551
nagoya,run3,1620,554124.0,J02,True,True,65.06579439714551
nagoya,run3,1620,554124.0,J07,True,True,65.06579439714551
nagoya,run3,1680,554136.0,E04,True,False,0.0
nagoya,run3,1680,554136.0,E31,True,False,0.0
nagoya,run3,1680,554136.0,E36,True,False,0.0
nagoya,run3,1680,554136.0,G10,True,False,0.0
nagoya,run3,1680,554136.0,G12,True,False,0.0
nagoya,run3,1680,554136.0,G23,True,False,0.0
nagoya,run3,1680,554136.0,G24,True,False,0.0
nagoya,run3,1680,554136.0,G28,True,False,0.0
nagoya,run3,1680,554136.0,R03,True,False,0.0
nagoya,run3,1740,554148.0,E04,True,False,0.0
nagoya,run3,1740,554148.0,E09,True,False,0.0
nagoya,run3,1740,554148.0,E24,True,False,0.0
nagoya,run3,1740,554148.0,E31,True,False,0.0
nagoya,run3,1740,554148.0,E36,True,False,0.0
nagoya,run3,1740,554148.0,G10,True,False,0.0
nagoya,run3,1740,554148.0,G12,True,False,0.0
nagoya,run3,1740,554148.0,G15,False,False,0.0
nagoya,run3,1740,554148.0,G23,True,False,0.0
nagoya,run3,1740,554148.0,G24,True,False,0.0
nagoya,run3,1740,554148.0,G28,True,False,0.0
nagoya,run3,1740,554148.0,G32,True,False,0.0
nagoya,run3,1740,554148.0,J02,True,False,0.0
nagoya,run3,1740,554148.0,R03,True,False,0.0
nagoya,run3,1800,554160.0,E04,True,False,0.0
nagoya,run3,1800,554160.0,E09,True,False,0.0
nagoya,run3,1800,554160.0,E24,True,False,0.0
nagoya,run3,1800,554160.0,E31,True,False,0.0
nagoya,run3,1800,554160.0,E36,True,False,0.0
nagoya,run3,1800,554160.0,G10,True,False,0.0
nagoya,run3,1800,554160.0,G12,True,False,0.0
nagoya,run3,1800,554160.0,G23,True,False,0.0
nagoya,run3,1800,554160.0,G24,True,False,0.0
nagoya,run3,1800,554160.0,G28,True,False,0.0
nagoya,run3,1800,554160.0,G32,True,False,0.0
nagoya,run3,1800,554160.0,J02,True,False,0.0
nagoya,run3,1800,554160.0,J03,False,False,0.0
nagoya,run3,1860,554172.0,E04,True,False,0.0
nagoya,run3,1860,554172.0,E09,True,False,0.0
nagoya,run3,1860,554172.0,E24,True,False,0.0
nagoya,run3,1860,554172.0,E31,True,False,0.0
nagoya,run3,1860,554172.0,E36,True,False,0.0
nagoya,run3,1860,554172.0,G10,True,False,0.0
nagoya,run3,1860,554172.0,G12,True,False,0.0
nagoya,run3,1860,554172.0,G15,True,False,0.0
nagoya,run3,1860,554172.0,G24,True,False,0.0
nagoya,run3,1860,554172.0,G28,True,False,0.0
nagoya,run3,1860,554172.0,G32,True,False,0.0
nagoya,run3,1860,554172.0,J02,True,False,0.0
nagoya,run3,1920,554184.0,E04,True,False,0.0
nagoya,run3,1920,554184.0,E09,True,False,0.0
nagoya,run3,1920,554184.0,E31,True,False,0.0
nagoya,run3,1920,554184.0,E36,True,False,0.0
nagoya,run3,1920,554184.0,G10,True,False,0.0
nagoya,run3,1920,554184.0,G12,True,False,0.0
nagoya,run3,1920,554184.0,G24,True,False,0.0
nagoya,run3,1920,554184.0,G28,True,False,0.0
nagoya,run3,1920,554184.0,G32,True,False,0.0
nagoya,run3,1920,554184.0,J02,True,False,0.0
nagoya,run3,1980,554196.0,E04,True,False,0.0
nagoya,run3,1980,554196.0,E09,True,False,0.0
nagoya,run3,1980,554196.0,E31,True,False,0.0
nagoya,run3,1980,554196.0,E36,True,False,0.0
nagoya,run3,1980,554196.0,G10,True,False,0.0
nagoya,run3,1980,554196.0,G12,True,False,0.0
nagoya,run3,1980,554196.0,G28,True,False,0.0
nagoya,run3,1980,554196.0,G32,True,False,0.0
nagoya,run3,1980,554196.0,J02,True,False,0.0
nagoya,run3,1980,554196.0,R03,True,False,0.0
nagoya,run3,2040,554208.0,E04,True,False,0.0
nagoya,run3,2040,554208.0,E09,True,False,0.0
nagoya,run3,2040,554208.0,E31,True,False,0.0
nagoya,run3,2040,554208.0,E36,True,False,0.0
nagoya,run3,2040,554208.0,G10,True,False,0.0
nagoya,run3,2040,554208.0,G12,True,False,0.0
nagoya,run3,2040,554208.0,G23,True,False,0.0
nagoya,run3,2040,554208.0,G28,True,False,0.0
nagoya,run3,2040,554208.0,G32,True,False,0.0
nagoya,run3,2040,554208.0,J02,True,False,0.0
nagoya,run3,2040,554208.0,R03,True,False,0.0
nagoya,run3,2100,554220.0,E04,True,False,0.0
nagoya,run3,2100,554220.0,E09,True,False,0.0
nagoya,run3,2100,554220.0,E31,True,False,0.0
nagoya,run3,2100,554220.0,E36,True,False,0.0
nagoya,run3,2100,554220.0,G10,True,False,0.0
nagoya,run3,2100,554220.0,G12,True,False,0.0
nagoya,run3,2100,554220.0,G15,True,False,0.0
nagoya,run3,2100,554220.0,G23,True,False,0.0
nagoya,run3,2100,554220.0,G24,True,False,0.0
nagoya,run3,2100,554220.0,G28,True,False,0.0
nagoya,run3,2100,554220.0,G32,True,False,0.0
nagoya,run3,2100,554220.0,J02,True,False,0.0
nagoya,run3,2160,554232.0,E04,True,False,0.0
nagoya,run3,2160,554232.0,E09,True,False,0.0
nagoya,run3,2160,554232.0,E31,True,False,0.0
nagoya,run3,2160,554232.0,E36,True,False,0.0
nagoya,run3,2160,554232.0,G10,True,False,0.0
nagoya,run3,2160,554232.0,G12,True,False,0.0
nagoya,run3,2160,554232.0,G15,True,False,0.0
nagoya,run3,2160,554232.0,G23,True,False,0.0
nagoya,run3,2160,554232.0,G24,True,False,0.0
nagoya,run3,2160,554232.0,G25,True,False,0.0
nagoya,run3,2160,554232.0,G28,True,False,0.0
nagoya,run3,2160,554232.0,G32,True,False,0.0
nagoya,run3,2160,554232.0,J02,True,False,0.0
nagoya,run3,2160,554232.0,J03,False,False,0.0
nagoya,run3,2220,554244.0,E04,True,False,0.0
nagoya,run3,2220,554244.0,E05,True,False,0.0
nagoya,run3,2220,554244.0,E31,True,False,0.0
nagoya,run3,2220,554244.0,E36,True,False,0.0
nagoya,run3,2220,554244.0,G10,True,False,0.0
nagoya,run3,2220,554244.0,G12,True,False,0.0
nagoya,run3,2220,554244.0,G23,True,False,0.0
nagoya,run3,2220,554244.0,G28,True,False,0.0
nagoya,run3,2220,554244.0,G32,True,False,0.0
nagoya,run3,2220,554244.0,R03,True,False,0.0
nagoya,run3,2280,554256.0,E04,True,False,0.0
nagoya,run3,2280,554256.0,E05,True,False,0.0
nagoya,run3,2280,554256.0,E09,True,False,0.0
nagoya,run3,2280,554256.0,E31,True,False,0.0
nagoya,run3,2280,554256.0,E36,True,False,0.0
nagoya,run3,2280,554256.0,G10,True,False,0.0
nagoya,run3,2280,554256.0,G12,True,False,0.0
nagoya,run3,2280,554256.0,G23,False,False,0.0
nagoya,run3,2280,554256.0,G25,False,False,0.0
nagoya,run3,2280,554256.0,G28,True,False,0.0
nagoya,run3,2280,554256.0,G32,True,False,0.0
nagoya,run3,2280,554256.0,J02,False,False,0.0
nagoya,run3,2280,554256.0,J03,False,False,0.0
nagoya,run3,2340,554268.0,E04,True,False,0.0
nagoya,run3,2340,554268.0,E05,True,False,0.0
nagoya,run3,2340,554268.0,E09,True,False,0.0
nagoya,run3,2340,554268.0,E31,True,False,0.0
nagoya,run3,2340,554268.0,E36,True,False,0.0
nagoya,run3,2340,554268.0,G10,True,False,0.0
nagoya,run3,2340,554268.0,G12,True,False,0.0
nagoya,run3,2340,554268.0,G23,True,False,0.0
nagoya,run3,2340,554268.0,G25,True,False,0.0
nagoya,run3,2340,554268.0,G28,True,False,0.0
nagoya,run3,2340,554268.0,G32,True,False,0.0
nagoya,run3,2340,554268.0,J02,True,False,0.0
nagoya,run3,2340,554268.0,R03,True,False,0.0
nagoya,run3,2400,554280.0,E04,True,False,0.0
nagoya,run3,2400,554280.0,E09,True,False,0.0
nagoya,run3,2400,554280.0,E24,True,False,0.0
nagoya,run3,2400,554280.0,E31,True,False,0.0
nagoya,run3,2400,554280.0,E36,True,False,0.0
nagoya,run3,2400,554280.0,G10,True,False,0.0
nagoya,run3,2400,554280.0,G12,True,False,0.0
nagoya,run3,2400,554280.0,G15,True,False,0.0
nagoya,run3,2400,554280.0,G23,True,False,0.0
nagoya,run3,2400,554280.0,G24,True,False,0.0
nagoya,run3,2400,554280.0,G25,True,False,0.0
nagoya,run3,2400,554280.0,G28,True,False,0.0
nagoya,run3,2400,554280.0,J02,True,False,0.0
nagoya,run3,2400,554280.0,J07,True,False,0.0
nagoya,run3,2400,554280.0,R03,True,False,0.0
nagoya,run3,2460,554292.0,E04,True,False,0.0
nagoya,run3,2460,554292.0,E09,True,False,0.0
nagoya,run3,2460,554292.0,E31,True,False,0.0
nagoya,run3,2460,554292.0,E36,True,False,0.0
nagoya,run3,2460,554292.0,G10,True,False,0.0
nagoya,run3,2460,554292.0,G12,True,False,0.0
nagoya,run3,2460,554292.0,G23,True,False,0.0
nagoya,run3,2460,554292.0,G24,True,False,0.0
nagoya,run3,2460,554292.0,G25,True,False,0.0
nagoya,run3,2460,554292.0,G28,True,False,0.0
nagoya,run3,2460,554292.0,G32,True,False,0.0
nagoya,run3,2460,554292.0,J07,True,False,0.0
nagoya,run3,2520,554304.0,E04,True,True,76.70487790554762
nagoya,run3,2520,554304.0,E05,True,True,76.70487790554762
nagoya,run3,2520,554304.0,E09,True,True,76.70487790554762
nagoya,run3,2520,554304.0,E24,True,True,76.70487790554762
nagoya,run3,2520,554304.0,E31,True,True,76.70487790554762
nagoya,run3,2520,554304.0,E36,True,True,76.70487790554762
nagoya,run3,2520,554304.0,G10,True,True,76.70487790554762
nagoya,run3,2520,554304.0,G12,True,True,76.70487790554762
nagoya,run3,2520,554304.0,G15,True,True,76.70487790554762
nagoya,run3,2520,554304.0,G23,True,True,76.70487790554762
nagoya,run3,2520,554304.0,G24,True,True,76.70487790554762
nagoya,run3,2520,554304.0,G25,True,True,76.70487790554762
nagoya,run3,2520,554304.0,G28,True,True,76.70487790554762
nagoya,run3,2520,554304.0,G32,True,True,76.70487790554762
nagoya,run3,2520,554304.0,J07,True,True,76.70487790554762
nagoya,run3,2580,554316.0,E04,True,False,0.0
nagoya,run3,2580,554316.0,E09,True,False,0.0
nagoya,run3,2580,554316.0,E24,True,False,0.0
nagoya,run3,2580,554316.0,E31,True,False,0.0
nagoya,run3,2580,554316.0,E36,True,False,0.0
nagoya,run3,2580,554316.0,G10,True,False,0.0
nagoya,run3,2580,554316.0,G12,True,False,0.0
nagoya,run3,2580,554316.0,G23,True,False,0.0
nagoya,run3,2580,554316.0,G25,True,False,0.0
nagoya,run3,2580,554316.0,G28,True,False,0.0
nagoya,run3,2580,554316.0,G32,False,False,0.0
nagoya,run3,2580,554316.0,J02,True,False,0.0
nagoya,run3,2580,554316.0,J03,True,False,0.0
nagoya,run3,2580,554316.0,J07,True,False,0.0
nagoya,run3,2640,554328.0,E04,True,False,0.0
nagoya,run3,2640,554328.0,E09,True,False,0.0
nagoya,run3,2640,554328.0,E24,True,False,0.0
nagoya,run3,2640,554328.0,E31,True,False,0.0
nagoya,run3,2640,554328.0,E36,True,False,0.0
nagoya,run3,2640,554328.0,G10,True,False,0.0
nagoya,run3,2640,554328.0,G12,True,False,0.0
nagoya,run3,2640,554328.0,G23,True,False,0.0
nagoya,run3,2640,554328.0,G25,True,False,0.0
nagoya,run3,2640,554328.0,G28,True,False,0.0
nagoya,run3,2640,554328.0,G32,True,False,0.0
nagoya,run3,2640,554328.0,J02,True,False,0.0
nagoya,run3,2640,554328.0,J03,True,False,0.0
nagoya,run3,2640,554328.0,R03,True,False,0.0
nagoya,run3,2700,554340.0,E04,True,False,0.0
nagoya,run3,2700,554340.0,E09,True,False,0.0
nagoya,run3,2700,554340.0,E31,True,False,0.0
nagoya,run3,2700,554340.0,E36,True,False,0.0
nagoya,run3,2700,554340.0,G10,True,False,0.0
nagoya,run3,2700,554340.0,G12,True,False,0.0
nagoya,run3,2700,554340.0,G23,True,False,0.0
nagoya,run3,2700,554340.0,G25,True,False,0.0
nagoya,run3,2700,554340.0,G28,True,False,0.0
nagoya,run3,2700,554340.0,G32,True,False,0.0
nagoya,run3,2700,554340.0,J02,True,False,0.0
nagoya,run3,2700,554340.0,J03,True,False,0.0
nagoya,run3,2700,554340.0,J07,True,False,0.0
nagoya,run3,2700,554340.0,R03,True,False,0.0
nagoya,run3,2760,554352.0,E04,True,True,63.25664075836539
nagoya,run3,2760,554352.0,E09,True,True,63.25664075836539
nagoya,run3,2760,554352.0,E24,True,True,63.25664075836539
nagoya,run3,2760,554352.0,E31,True,True,63.25664075836539
nagoya,run3,2760,554352.0,E36,False,True,63.25664075836539
nagoya,run3,2760,554352.0,G10,True,True,63.25664075836539
nagoya,run3,2760,554352.0,G12,True,True,63.25664075836539
nagoya,run3,2760,554352.0,G23,True,True,63.25664075836539
nagoya,run3,2760,554352.0,G24,True,True,63.25664075836539
nagoya,run3,2760,554352.0,G25,True,True,63.25664075836539
nagoya,run3,2760,554352.0,G28,False,True,63.25664075836539
nagoya,run3,2760,554352.0,G32,True,True,63.25664075836539
nagoya,run3,2760,554352.0,J02,True,True,63.25664075836539
nagoya,run3,2760,554352.0,J07,True,True,63.25664075836539
nagoya,run3,2760,554352.0,R03,True,True,63.25664075836539
nagoya,run3,2820,554364.0,E09,True,False,0.0
nagoya,run3,2820,554364.0,E24,True,False,0.0
nagoya,run3,2820,554364.0,E31,True,False,0.0
nagoya,run3,2820,554364.0,G10,True,False,0.0
nagoya,run3,2820,554364.0,G12,True,False,0.0
nagoya,run3,2820,554364.0,G15,True,False,0.0
nagoya,run3,2820,554364.0,G23,True,False,0.0
nagoya,run3,2820,554364.0,G25,True,False,0.0
nagoya,run3,2820,554364.0,J02,True,False,0.0
nagoya,run3,2820,554364.0,J03,False,False,0.0
nagoya,run3,2820,554364.0,J07,True,False,0.0
nagoya,run3,2820,554364.0,R03,True,False,0.0
nagoya,run3,2880,554376.0,E04,True,True,75.52319272235036
nagoya,run3,2880,554376.0,E09,True,True,75.52319272235036
nagoya,run3,2880,554376.0,E31,True,True,75.52319272235036
nagoya,run3,2880,554376.0,G10,True,True,75.52319272235036
nagoya,run3,2880,554376.0,G12,True,True,75.52319272235036
nagoya,run3,2880,554376.0,G23,True,True,75.52319272235036
nagoya,run3,2880,554376.0,G24,True,True,75.52319272235036
nagoya,run3,2880,554376.0,G25,True,True,75.52319272235036
nagoya,run3,2880,554376.0,G32,True,True,75.52319272235036
nagoya,run3,2880,554376.0,J02,True,True,75.52319272235036
nagoya,run3,2880,554376.0,J07,True,True,75.52319272235036
nagoya,run3,2880,554376.0,R03,True,True,75.52319272235036
nagoya,run3,2940,554388.0,E04,True,True,75.48356442525983
nagoya,run3,2940,554388.0,E09,True,True,75.48356442525983
nagoya,run3,2940,554388.0,E31,True,True,75.48356442525983
nagoya,run3,2940,554388.0,G10,True,True,75.48356442525983
nagoya,run3,2940,554388.0,G12,True,True,75.48356442525983
nagoya,run3,2940,554388.0,G23,True,True,75.48356442525983
nagoya,run3,2940,554388.0,G24,True,True,75.48356442525983
nagoya,run3,2940,554388.0,G25,True,True,75.48356442525983
nagoya,run3,2940,554388.0,G32,True,True,75.48356442525983
nagoya,run3,2940,554388.0,J02,True,True,75.48356442525983
nagoya,run3,2940,554388.0,J07,True,True,75.48356442525983
nagoya,run3,2940,554388.0,R03,True,True,75.48356442525983
nagoya,run3,3000,554400.0,E04,True,True,75.44206787273288
nagoya,run3,3000,554400.0,E09,True,True,75.44206787273288
nagoya,run3,3000,554400.0,E24,True,True,75.44206787273288
nagoya,run3,3000,554400.0,E31,True,True,75.44206787273288
nagoya,run3,3000,554400.0,G10,True,True,75.44206787273288
nagoya,run3,3000,554400.0,G12,True,True,75.44206787273288
nagoya,run3,3000,554400.0,G23,True,True,75.44206787273288
nagoya,run3,3000,554400.0,G24,True,True,75.44206787273288
nagoya,run3,3000,554400.0,G25,True,True,75.44206787273288
nagoya,run3,3000,554400.0,G32,True,True,75.44206787273288
nagoya,run3,3000,554400.0,J02,True,True,75.44206787273288
nagoya,run3,3000,554400.0,J07,True,True,75.44206787273288
nagoya,run3,3000,554400.0,R03,True,True,75.44206787273288
nagoya,run3,3060,554412.0,E04,True,True,75.43923749774694
nagoya,run3,3060,554412.0,E09,True,True,75.43923749774694
nagoya,run3,3060,554412.0,E24,True,True,75.43923749774694
nagoya,run3,3060,554412.0,E31,True,True,75.43923749774694
nagoya,run3,3060,554412.0,G10,True,True,75.43923749774694
nagoya,run3,3060,554412.0,G12,True,True,75.43923749774694
nagoya,run3,3060,554412.0,G15,True,True,75.43923749774694
nagoya,run3,3060,554412.0,G23,True,True,75.43923749774694
nagoya,run3,3060,554412.0,G24,True,True,75.43923749774694
nagoya,run3,3060,554412.0,G25,True,True,75.43923749774694
nagoya,run3,3060,554412.0,G32,True,True,75.43923749774694
nagoya,run3,3060,554412.0,J02,True,True,75.43923749774694
nagoya,run3,3060,554412.0,J07,True,True,75.43923749774694
nagoya,run3,3120,554424.0,E04,True,False,0.0
nagoya,run3,3120,554424.0,E09,True,False,0.0
nagoya,run3,3120,554424.0,E24,False,False,0.0
nagoya,run3,3120,554424.0,E31,True,False,0.0
nagoya,run3,3120,554424.0,G12,True,False,0.0
nagoya,run3,3120,554424.0,G15,True,False,0.0
nagoya,run3,3120,554424.0,G23,True,False,0.0
nagoya,run3,3120,554424.0,G24,True,False,0.0
nagoya,run3,3120,554424.0,G25,True,False,0.0
nagoya,run3,3120,554424.0,J02,True,False,0.0
nagoya,run3,3120,554424.0,J07,True,False,0.0
nagoya,run3,3120,554424.0,R03,True,False,0.0
nagoya,run3,3180,554436.0,E04,True,True,48.11643410474062
nagoya,run3,3180,554436.0,E09,True,True,48.11643410474062
nagoya,run3,3180,554436.0,E24,True,True,48.11643410474062
nagoya,run3,3180,554436.0,E31,True,True,48.11643410474062
nagoya,run3,3180,554436.0,G10,True,True,48.11643410474062
nagoya,run3,3180,554436.0,G12,True,True,48.11643410474062
nagoya,run3,3180,554436.0,G15,True,True,48.11643410474062
nagoya,run3,3180,554436.0,G23,True,True,48.11643410474062
nagoya,run3,3180,554436.0,G24,True,True,48.11643410474062
nagoya,run3,3180,554436.0,G25,True,True,48.11643410474062
nagoya,run3,3180,554436.0,G32,True,True,48.11643410474062
nagoya,run3,3180,554436.0,J02,True,True,48.11643410474062
nagoya,run3,3180,554436.0,J07,True,True,48.11643410474062
nagoya,run3,3180,554436.0,R03,True,True,48.11643410474062
nagoya,run3,3240,554448.0,E04,True,True,30.44384751096368
nagoya,run3,3240,554448.0,E09,True,True,30.44384751096368
nagoya,run3,3240,554448.0,E31,True,True,30.44384751096368
nagoya,run3,3240,554448.0,G10,True,True,30.44384751096368
nagoya,run3,3240,554448.0,G12,True,True,30.44384751096368
nagoya,run3,3240,554448.0,G23,True,True,30.44384751096368
nagoya,run3,3240,554448.0,G24,True,True,30.44384751096368
nagoya,run3,3240,554448.0,G25,True,True,30.44384751096368
nagoya,run3,3240,554448.0,G32,True,True,30.44384751096368
nagoya,run3,3240,554448.0,J02,True,True,30.44384751096368
nagoya,run3,3240,554448.0,J03,False,True,30.44384751096368
nagoya,run3,3240,554448.0,J07,True,True,30.44384751096368
nagoya,run3,3240,554448.0,R03,True,True,30.44384751096368
nagoya,run3,3300,554460.0,E04,True,True,12.504883836954832
nagoya,run3,3300,554460.0,E09,True,True,12.504883836954832
nagoya,run3,3300,554460.0,E24,True,True,12.504883836954832
nagoya,run3,3300,554460.0,E31,True,True,12.504883836954832
nagoya,run3,3300,554460.0,G10,True,True,12.504883836954832
nagoya,run3,3300,554460.0,G12,True,True,12.504883836954832
nagoya,run3,3300,554460.0,G23,True,True,12.504883836954832
nagoya,run3,3300,554460.0,G25,True,True,12.504883836954832
nagoya,run3,3300,554460.0,J02,True,True,12.504883836954832
nagoya,run3,3300,554460.0,J07,True,True,12.504883836954832
nagoya,run3,3300,554460.0,R03,True,True,12.504883836954832
nagoya,run3,3360,554472.0,E04,True,True,12.497892696410418
nagoya,run3,3360,554472.0,E09,True,True,12.497892696410418
nagoya,run3,3360,554472.0,E24,True,True,12.497892696410418
nagoya,run3,3360,554472.0,E31,True,True,12.497892696410418
nagoya,run3,3360,554472.0,G10,True,True,12.497892696410418
nagoya,run3,3360,554472.0,G12,True,True,12.497892696410418
nagoya,run3,3360,554472.0,G15,False,True,12.497892696410418
nagoya,run3,3360,554472.0,G23,True,True,12.497892696410418
nagoya,run3,3360,554472.0,G24,True,True,12.497892696410418
nagoya,run3,3360,554472.0,G25,True,True,12.497892696410418
nagoya,run3,3360,554472.0,J02,True,True,12.497892696410418
nagoya,run3,3360,554472.0,J07,True,True,12.497892696410418
nagoya,run3,3360,554472.0,R03,True,True,12.497892696410418
nagoya,run3,3420,554484.0,E04,True,True,12.490886021405458
nagoya,run3,3420,554484.0,E09,True,True,12.490886021405458
nagoya,run3,3420,554484.0,E24,True,True,12.490886021405458
nagoya,run3,3420,554484.0,E31,True,True,12.490886021405458
nagoya,run3,3420,554484.0,G10,True,True,12.490886021405458
nagoya,run3,3420,554484.0,G12,True,True,12.490886021405458
nagoya,run3,3420,554484.0,G15,False,True,12.490886021405458
nagoya,run3,3420,554484.0,G23,True,True,12.490886021405458
nagoya,run3,3420,554484.0,G24,True,True,12.490886021405458
nagoya,run3,3420,554484.0,G25,True,True,12.490886021405458
nagoya,run3,3420,554484.0,G32,False,True,12.490886021405458
nagoya,run3,3420,554484.0,J02,True,True,12.490886021405458
nagoya,run3,3420,554484.0,J07,True,True,12.490886021405458
nagoya,run3,3420,554484.0,R03,True,True,12.490886021405458
nagoya,run3,3480,554496.0,E04,True,True,12.484792690724134
nagoya,run3,3480,554496.0,E09,True,True,12.484792690724134
nagoya,run3,3480,554496.0,E24,True,True,12.484792690724134
nagoya,run3,3480,554496.0,E31,True,True,12.484792690724134
nagoya,run3,3480,554496.0,G10,True,True,12.484792690724134
nagoya,run3,3480,554496.0,G12,True,True,12.484792690724134
nagoya,run3,3480,554496.0,G23,True,True,12.484792690724134
nagoya,run3,3480,554496.0,G25,True,True,12.484792690724134
nagoya,run3,3480,554496.0,J02,True,True,12.484792690724134
nagoya,run3,3480,554496.0,J07,True,True,12.484792690724134
nagoya,run3,3540,554508.0,E04,True,True,12.4768585562706
nagoya,run3,3540,554508.0,E09,True,True,12.4768585562706
nagoya,run3,3540,554508.0,E24,True,True,12.4768585562706
nagoya,run3,3540,554508.0,E31,True,True,12.4768585562706
nagoya,run3,3540,554508.0,G10,True,True,12.4768585562706
nagoya,run3,3540,554508.0,G12,True,True,12.4768585562706
nagoya,run3,3540,554508.0,G23,True,True,12.4768585562706
nagoya,run3,3540,554508.0,G25,True,True,12.4768585562706
nagoya,run3,3540,554508.0,J02,True,True,12.4768585562706
nagoya,run3,3540,554508.0,J03,True,True,12.4768585562706
nagoya,run3,3540,554508.0,J07,True,True,12.4768585562706
nagoya,run3,3540,554508.0,R03,True,True,12.4768585562706
nagoya,run3,3600,554520.0,E04,True,True,12.46977273374796
nagoya,run3,3600,554520.0,E09,True,True,12.46977273374796
nagoya,run3,3600,554520.0,E24,True,True,12.46977273374796
nagoya,run3,3600,554520.0,E31,True,True,12.46977273374796
nagoya,run3,3600,554520.0,G10,True,True,12.46977273374796
nagoya,run3,3600,554520.0,G12,True,True,12.46977273374796
nagoya,run3,3600,554520.0,G15,False,True,12.46977273374796
nagoya,run3,3600,554520.0,G23,True,True,12.46977273374796
nagoya,run3,3600,554520.0,G25,True,True,12.46977273374796
nagoya,run3,3600,554520.0,G32,False,True,12.46977273374796
nagoya,run3,3600,554520.0,J02,True,True,12.46977273374796
nagoya,run3,3600,554520.0,J03,True,True,12.46977273374796
nagoya,run3,3600,554520.0,J07,True,True,12.46977273374796
nagoya,run3,3600,554520.0,R03,True,True,12.46977273374796
nagoya,run3,3660,554532.0,E04,True,True,12.525113590061665
nagoya,run3,3660,554532.0,E09,True,True,12.525113590061665
nagoya,run3,3660,554532.0,E31,True,True,12.525113590061665
nagoya,run3,3660,554532.0,G12,True,True,12.525113590061665
nagoya,run3,3660,554532.0,G23,True,True,12.525113590061665
nagoya,run3,3660,554532.0,G24,True,True,12.525113590061665
nagoya,run3,3660,554532.0,G25,True,True,12.525113590061665
nagoya,run3,3660,554532.0,J02,True,True,12.525113590061665
nagoya,run3,3660,554532.0,J07,True,True,12.525113590061665
nagoya,run3,3660,554532.0,R03,True,True,12.525113590061665
nagoya,run3,3720,554544.0,E04,True,False,0.0
nagoya,run3,3720,554544.0,E09,True,False,0.0
nagoya,run3,3720,554544.0,E31,True,False,0.0
nagoya,run3,3720,554544.0,G10,True,False,0.0
nagoya,run3,3720,554544.0,G12,True,False,0.0
nagoya,run3,3720,554544.0,G15,True,False,0.0
nagoya,run3,3720,554544.0,G23,True,False,0.0
nagoya,run3,3720,554544.0,G24,True,False,0.0
nagoya,run3,3720,554544.0,G25,True,False,0.0
nagoya,run3,3720,554544.0,J02,True,False,0.0
nagoya,run3,3720,554544.0,J03,True,False,0.0
nagoya,run3,3720,554544.0,J07,True,False,0.0
nagoya,run3,3780,554556.0,E04,True,False,0.0
nagoya,run3,3780,554556.0,E09,True,False,0.0
nagoya,run3,3780,554556.0,E31,True,False,0.0
nagoya,run3,3780,554556.0,G10,True,False,0.0
nagoya,run3,3780,554556.0,G12,True,False,0.0
nagoya,run3,3780,554556.0,G23,True,False,0.0
nagoya,run3,3780,554556.0,G24,True,False,0.0
nagoya,run3,3780,554556.0,G25,True,False,0.0
nagoya,run3,3780,554556.0,G28,True,False,0.0
nagoya,run3,3780,554556.0,G32,False,False,0.0
nagoya,run3,3780,554556.0,J03,True,False,0.0
nagoya,run3,3780,554556.0,J07,True,False,0.0
nagoya,run3,3780,554556.0,R03,True,False,0.0
nagoya,run3,3840,554568.0,E04,True,False,0.0
nagoya,run3,3840,554568.0,E09,False,False,0.0
nagoya,run3,3840,554568.0,E31,True,False,0.0
nagoya,run3,3840,554568.0,G10,True,False,0.0
nagoya,run3,3840,554568.0,G12,True,False,0.0
nagoya,run3,3840,554568.0,G15,False,False,0.0
nagoya,run3,3840,554568.0,G23,True,False,0.0
nagoya,run3,3840,554568.0,G24,True,False,0.0
nagoya,run3,3840,554568.0,G25,True,False,0.0
nagoya,run3,3840,554568.0,G28,True,False,0.0
nagoya,run3,3840,554568.0,J07,True,False,0.0
nagoya,run3,3840,554568.0,R03,True,False,0.0
nagoya,run3,3900,554580.0,E04,True,False,0.0
nagoya,run3,3900,554580.0,E09,True,False,0.0
nagoya,run3,3900,554580.0,E31,True,False,0.0
nagoya,run3,3900,554580.0,E36,True,False,0.0
nagoya,run3,3900,554580.0,G10,True,False,0.0
nagoya,run3,3900,554580.0,G12,True,False,0.0
nagoya,run3,3900,554580.0,G28,True,False,0.0
nagoya,run3,3900,554580.0,J02,False,False,0.0
nagoya,run3,3900,554580.0,R03,True,False,0.0
nagoya,run3,3960,554592.0,E04,True,False,0.0
nagoya,run3,3960,554592.0,E09,True,False,0.0
nagoya,run3,3960,554592.0,E24,True,False,0.0
nagoya,run3,3960,554592.0,E31,True,False,0.0
nagoya,run3,3960,554592.0,E36,True,False,0.0
nagoya,run3,3960,554592.0,G10,True,False,0.0
nagoya,run3,3960,554592.0,G12,True,False,0.0
nagoya,run3,3960,554592.0,G28,True,False,0.0
nagoya,run3,3960,554592.0,G32,True,False,0.0
nagoya,run3,3960,554592.0,J02,True,False,0.0
nagoya,run3,3960,554592.0,J07,True,False,0.0
nagoya,run3,3960,554592.0,R03,True,False,0.0
nagoya,run3,4020,554604.0,E04,True,False,0.0
nagoya,run3,4020,554604.0,E31,True,False,0.0
nagoya,run3,4020,554604.0,E36,False,False,0.0
nagoya,run3,4020,554604.0,G10,True,False,0.0
nagoya,run3,4020,554604.0,G12,True,False,0.0
nagoya,run3,4020,554604.0,G15,False,False,0.0
nagoya,run3,4020,554604.0,G23,True,False,0.0
nagoya,run3,4020,554604.0,G24,True,False,0.0
nagoya,run3,4020,554604.0,G25,True,False,0.0
nagoya,run3,4020,554604.0,G28,True,False,0.0
nagoya,run3,4020,554604.0,R03,True,False,0.0
nagoya,run3,4080,554616.0,E04,True,False,0.0
nagoya,run3,4080,554616.0,E09,False,False,0.0
nagoya,run3,4080,554616.0,E31,True,False,0.0
nagoya,run3,4080,554616.0,E36,False,False,0.0
nagoya,run3,4080,554616.0,G10,True,False,0.0
nagoya,run3,4080,554616.0,G12,True,False,0.0
nagoya,run3,4080,554616.0,G23,True,False,0.0
nagoya,run3,4080,554616.0,G24,True,False,0.0
nagoya,run3,4080,554616.0,G25,True,False,0.0
nagoya,run3,4080,554616.0,G28,True,False,0.0
nagoya,run3,4080,554616.0,G32,False,False,0.0
nagoya,run3,4080,554616.0,J02,True,False,0.0
nagoya,run3,4080,554616.0,J03,True,False,0.0
nagoya,run3,4080,554616.0,J07,True,False,0.0
nagoya,run3,4080,554616.0,R03,True,False,0.0
nagoya,run3,4140,554628.0,E04,True,False,0.0
nagoya,run3,4140,554628.0,E24,True,False,0.0
nagoya,run3,4140,554628.0,E31,True,False,0.0
nagoya,run3,4140,554628.0,E36,False,False,0.0
nagoya,run3,4140,554628.0,G10,True,False,0.0
nagoya,run3,4140,554628.0,G12,True,False,0.0
nagoya,run3,4140,554628.0,G23,True,False,0.0
nagoya,run3,4140,554628.0,G24,True,False,0.0
nagoya,run3,4140,554628.0,G25,True,False,0.0
nagoya,run3,4140,554628.0,G28,True,False,0.0
nagoya,run3,4140,554628.0,G32,False,False,0.0
nagoya,run3,4140,554628.0,J02,True,False,0.0
nagoya,run3,4140,554628.0,J03,True,False,0.0
nagoya,run3,4140,554628.0,J07,True,False,0.0
nagoya,run3,4140,554628.0,R03,True,False,0.0
nagoya,run3,4200,554640.0,E04,True,True,40.67071793600917
nagoya,run3,4200,554640.0,E09,True,True,40.67071793600917
nagoya,run3,4200,554640.0,E24,True,True,40.67071793600917
nagoya,run3,4200,554640.0,E31,True,True,40.67071793600917
nagoya,run3,4200,554640.0,G10,True,True,40.67071793600917
nagoya,run3,4200,554640.0,G12,True,True,40.67071793600917
nagoya,run3,4200,554640.0,G23,True,True,40.67071793600917
nagoya,run3,4200,554640.0,G25,True,True,40.67071793600917
nagoya,run3,4200,554640.0,J02,True,True,40.67071793600917
nagoya,run3,4200,554640.0,J03,True,True,40.67071793600917
nagoya,run3,4200,554640.0,J07,True,True,40.67071793600917
nagoya,run3,4200,554640.0,R03,True,True,40.67071793600917
nagoya,run3,4260,554652.0,E09,True,False,0.0
nagoya,run3,4260,554652.0,E31,True,False,0.0
nagoya,run3,4260,554652.0,G15,True,False,0.0
nagoya,run3,4260,554652.0,G23,True,False,0.0
nagoya,run3,4260,554652.0,G25,True,False,0.0
nagoya,run3,4260,554652.0,G28,True,False,0.0
nagoya,run3,4260,554652.0,G32,True,False,0.0
nagoya,run3,4260,554652.0,J02,True,False,0.0
nagoya,run3,4260,554652.0,J03,True,False,0.0
nagoya,run3,4260,554652.0,J07,True,False,0.0
nagoya,run3,4260,554652.0,R03,True,False,0.0
nagoya,run3,4320,554664.0,E04,True,False,0.0
nagoya,run3,4320,554664.0,E09,True,False,0.0
nagoya,run3,4320,554664.0,E24,True,False,0.0
nagoya,run3,4320,554664.0,E31,True,False,0.0
nagoya,run3,4320,554664.0,G10,True,False,0.0
nagoya,run3,4320,554664.0,G23,True,False,0.0
nagoya,run3,4320,554664.0,G25,True,False,0.0
nagoya,run3,4320,554664.0,G28,True,False,0.0
nagoya,run3,4320,554664.0,G32,True,False,0.0
nagoya,run3,4320,554664.0,J02,True,False,0.0
nagoya,run3,4320,554664.0,J03,True,False,0.0
nagoya,run3,4320,554664.0,J07,True,False,0.0
nagoya,run3,4320,554664.0,R03,True,False,0.0
nagoya,run3,4380,554676.0,E09,True,False,0.0
nagoya,run3,4380,554676.0,E24,True,False,0.0
nagoya,run3,4380,554676.0,E31,True,False,0.0
nagoya,run3,4380,554676.0,G10,True,False,0.0
nagoya,run3,4380,554676.0,G12,True,False,0.0
nagoya,run3,4380,554676.0,G15,True,False,0.0
nagoya,run3,4380,554676.0,G23,True,False,0.0
nagoya,run3,4380,554676.0,G24,True,False,0.0
nagoya,run3,4380,554676.0,G25,True,False,0.0
nagoya,run3,4380,554676.0,G32,True,False,0.0
nagoya,run3,4380,554676.0,J02,True,False,0.0
nagoya,run3,4380,554676.0,J03,True,False,0.0
nagoya,run3,4380,554676.0,J07,True,False,0.0
nagoya,run3,4380,554676.0,R03,True,False,0.0
nagoya,run3,4440,554688.0,E04,True,True,34.46433462575078
nagoya,run3,4440,554688.0,E05,True,True,34.46433462575078
nagoya,run3,4440,554688.0,E09,True,True,34.46433462575078
nagoya,run3,4440,554688.0,E24,True,True,34.46433462575078
nagoya,run3,4440,554688.0,E31,True,True,34.46433462575078
nagoya,run3,4440,554688.0,G10,True,True,34.46433462575078
nagoya,run3,4440,554688.0,G12,True,True,34.46433462575078
nagoya,run3,4440,554688.0,G15,True,True,34.46433462575078
nagoya,run3,4440,554688.0,G23,True,True,34.46433462575078
nagoya,run3,4440,554688.0,G24,True,True,34.46433462575078
nagoya,run3,4440,554688.0,G25,True,True,34.46433462575078
nagoya,run3,4440,554688.0,G28,True,True,34.46433462575078
nagoya,run3,4440,554688.0,G32,True,True,34.46433462575078
nagoya,run3,4440,554688.0,J02,True,True,34.46433462575078
nagoya,run3,4440,554688.0,J03,True,True,34.46433462575078
nagoya,run3,4440,554688.0,J07,True,True,34.46433462575078
nagoya,run3,4440,554688.0,R03,True,True,34.46433462575078
nagoya,run3,4500,554700.0,E04,False,False,0.0003328956663608551
nagoya,run3,4500,554700.0,E09,True,False,0.0003328956663608551
nagoya,run3,4500,554700.0,E24,True,False,0.0003328956663608551
nagoya,run3,4500,554700.0,E31,False,False,0.0003328956663608551
nagoya,run3,4500,554700.0,G10,True,False,0.0003328956663608551
nagoya,run3,4500,554700.0,G12,False,False,0.0003328956663608551
nagoya,run3,4500,554700.0,G23,True,False,0.0003328956663608551
nagoya,run3,4500,554700.0,G25,True,False,0.0003328956663608551
nagoya,run3,4500,554700.0,G28,True,False,0.0003328956663608551
nagoya,run3,4500,554700.0,G32,True,False,0.0003328956663608551
nagoya,run3,4500,554700.0,J02,False,False,0.0003328956663608551
nagoya,run3,4500,554700.0,J03,True,False,0.0003328956663608551
nagoya,run3,4500,554700.0,J07,True,False,0.0003328956663608551
nagoya,run3,4560,554712.0,E04,False,True,61.4434421621263
nagoya,run3,4560,554712.0,E09,True,True,61.4434421621263
nagoya,run3,4560,554712.0,E24,True,True,61.4434421621263
nagoya,run3,4560,554712.0,E31,True,True,61.4434421621263
nagoya,run3,4560,554712.0,G10,True,True,61.4434421621263
nagoya,run3,4560,554712.0,G23,True,True,61.4434421621263
nagoya,run3,4560,554712.0,G25,True,True,61.4434421621263
nagoya,run3,4560,554712.0,G28,True,True,61.4434421621263
nagoya,run3,4560,554712.0,G32,True,True,61.4434421621263
nagoya,run3,4560,554712.0,J02,True,True,61.4434421621263
nagoya,run3,4560,554712.0,J03,True,True,61.4434421621263
nagoya,run3,4560,554712.0,J07,True,True,61.4434421621263
nagoya,run3,4620,554724.0,E04,False,True,61.40705252811313
nagoya,run3,4620,554724.0,E09,True,True,61.40705252811313
nagoya,run3,4620,554724.0,E24,True,True,61.40705252811313
nagoya,run3,4620,554724.0,E31,True,True,61.40705252811313
nagoya,run3,4620,554724.0,G10,True,True,61.40705252811313
nagoya,run3,4620,554724.0,G15,True,True,61.40705252811313
nagoya,run3,4620,554724.0,G23,True,True,61.40705252811313
nagoya,run3,4620,554724.0,G25,True,True,61.40705252811313
nagoya,run3,4620,554724.0,G28,True,True,61.40705252811313
nagoya,run3,4620,554724.0,G32,True,True,61.40705252811313
nagoya,run3,4620,554724.0,J02,True,True,61.40705252811313
nagoya,run3,4620,554724.0,J03,True,True,61.40705252811313
nagoya,run3,4620,554724.0,J07,True,True,61.40705252811313
nagoya,run3,4620,554724.0,R03,True,True,61.40705252811313
nagoya,run3,4680,554736.0,E04,False,True,61.3696659617126
nagoya,run3,4680,554736.0,E09,True,True,61.3696659617126
nagoya,run3,4680,554736.0,E24,True,True,61.3696659617126
nagoya,run3,4680,554736.0,E31,True,True,61.3696659617126
nagoya,run3,4680,554736.0,E36,True,True,61.3696659617126
nagoya,run3,4680,554736.0,G10,True,True,61.3696659617126
nagoya,run3,4680,554736.0,G15,True,True,61.3696659617126
nagoya,run3,4680,554736.0,G23,True,True,61.3696659617126
nagoya,run3,4680,554736.0,G24,False,True,61.3696659617126
nagoya,run3,4680,554736.0,G25,True,True,61.3696659617126
nagoya,run3,4680,554736.0,G28,True,True,61.3696659617126
nagoya,run3,4680,554736.0,G32,True,True,61.3696659617126
nagoya,run3,4680,554736.0,J02,True,True,61.3696659617126
nagoya,run3,4680,554736.0,J03,True,True,61.3696659617126
nagoya,run3,4680,554736.0,J07,True,True,61.3696659617126
nagoya,run3,4680,554736.0,R03,True,True,61.3696659617126
nagoya,run3,4740,554748.0,E09,True,False,0.0
nagoya,run3,4740,554748.0,E24,True,False,0.0
nagoya,run3,4740,554748.0,E31,True,False,0.0
nagoya,run3,4740,554748.0,E36,True,False,0.0
nagoya,run3,4740,554748.0,G10,True,False,0.0
nagoya,run3,4740,554748.0,G15,True,False,0.0
nagoya,run3,4740,554748.0,G23,True,False,0.0
nagoya,run3,4740,554748.0,G25,True,False,0.0
nagoya,run3,4740,554748.0,G28,True,False,0.0
nagoya,run3,4740,554748.0,G32,True,False,0.0
nagoya,run3,4740,554748.0,J02,True,False,0.0
nagoya,run3,4740,554748.0,J03,True,False,0.0
nagoya,run3,4740,554748.0,J07,True,False,0.0
nagoya,run3,4740,554748.0,R03,True,False,0.0
nagoya,run3,4800,554760.0,E04,False,True,61.2974118180573
nagoya,run3,4800,554760.0,E09,True,True,61.2974118180573
nagoya,run3,4800,554760.0,E24,True,True,61.2974118180573
nagoya,run3,4800,554760.0,E31,True,True,61.2974118180573
nagoya,run3,4800,554760.0,E36,True,True,61.2974118180573
nagoya,run3,4800,554760.0,G10,True,True,61.2974118180573
nagoya,run3,4800,554760.0,G15,True,True,61.2974118180573
nagoya,run3,4800,554760.0,G23,True,True,61.2974118180573
nagoya,run3,4800,554760.0,G25,True,True,61.2974118180573
nagoya,run3,4800,554760.0,G28,True,True,61.2974118180573
nagoya,run3,4800,554760.0,G32,True,True,61.2974118180573
nagoya,run3,4800,554760.0,J02,True,True,61.2974118180573
nagoya,run3,4800,554760.0,J03,True,True,61.2974118180573
nagoya,run3,4800,554760.0,J07,True,True,61.2974118180573
nagoya,run3,4800,554760.0,R03,True,True,61.2974118180573
nagoya,run3,4860,554772.0,E09,True,False,0.0
nagoya,run3,4860,554772.0,E24,True,False,0.0
nagoya,run3,4860,554772.0,E31,True,False,0.0
nagoya,run3,4860,554772.0,E36,True,False,0.0
nagoya,run3,4860,554772.0,G10,True,False,0.0
nagoya,run3,4860,554772.0,G15,True,False,0.0
nagoya,run3,4860,554772.0,G23,True,False,0.0
nagoya,run3,4860,554772.0,G24,False,False,0.0
nagoya,run3,4860,554772.0,G25,True,False,0.0
nagoya,run3,4860,554772.0,G32,True,False,0.0
nagoya,run3,4860,554772.0,J02,True,False,0.0
nagoya,run3,4860,554772.0,J03,True,False,0.0
nagoya,run3,4860,554772.0,J07,True,False,0.0
nagoya,run3,4860,554772.0,R03,True,False,0.0
nagoya,run3,4920,554784.0,E04,True,False,0.0
nagoya,run3,4920,554784.0,E09,True,False,0.0
nagoya,run3,4920,554784.0,E24,True,False,0.0
nagoya,run3,4920,554784.0,E31,True,False,0.0
nagoya,run3,4920,554784.0,E36,True,False,0.0
nagoya,run3,4920,554784.0,G15,True,False,0.0
nagoya,run3,4920,554784.0,G23,True,False,0.0
nagoya,run3,4920,554784.0,G24,False,False,0.0
nagoya,run3,4920,554784.0,G25,True,False,0.0
nagoya,run3,4920,554784.0,G28,True,False,0.0
nagoya,run3,4920,554784.0,G32,True,False,0.0
nagoya,run3,4920,554784.0,J02,True,False,0.0
nagoya,run3,4920,554784.0,J03,True,False,0.0
nagoya,run3,4920,554784.0,J07,True,False,0.0
nagoya,run3,4920,554784.0,R03,True,False,0.0
nagoya,run3,4980,554796.0,E04,True,False,0.0
nagoya,run3,4980,554796.0,E05,True,False,0.0
nagoya,run3,4980,554796.0,E09,True,False,0.0
nagoya,run3,4980,554796.0,E24,True,False,0.0
nagoya,run3,4980,554796.0,E31,True,False,0.0
nagoya,run3,4980,554796.0,E36,True,False,0.0
nagoya,run3,4980,554796.0,G10,True,False,0.0
nagoya,run3,4980,554796.0,G23,True,False,0.0
nagoya,run3,4980,554796.0,G24,True,False,0.0
nagoya,run3,4980,554796.0,G25,True,False,0.0
nagoya,run3,4980,554796.0,G28,True,False,0.0
nagoya,run3,4980,554796.0,G32,True,False,0.0
nagoya,run3,4980,554796.0,J02,True,False,0.0
nagoya,run3,4980,554796.0,J03,True,False,0.0
nagoya,run3,4980,554796.0,J07,True,False,0.0
nagoya,run3,4980,554796.0,R03,True,False,0.0
nagoya,run3,5040,554808.0,E04,True,False,0.0
nagoya,run3,5040,554808.0,E05,True,False,0.0
nagoya,run3,5040,554808.0,E09,True,False,0.0
nagoya,run3,5040,554808.0,E24,True,False,0.0
nagoya,run3,5040,554808.0,E31,True,False,0.0
nagoya,run3,5040,554808.0,E36,True,False,0.0
nagoya,run3,5040,554808.0,G10,True,False,0.0
nagoya,run3,5040,554808.0,G12,True,False,0.0
nagoya,run3,5040,554808.0,G23,True,False,0.0
nagoya,run3,5040,554808.0,G24,True,False,0.0
nagoya,run3,5040,554808.0,G25,True,False,0.0
nagoya,run3,5040,554808.0,G28,True,False,0.0
nagoya,run3,5040,554808.0,G32,True,False,0.0
nagoya,run3,5040,554808.0,J02,True,False,0.0
nagoya,run3,5040,554808.0,J03,True,False,0.0
nagoya,run3,5040,554808.0,J07,True,False,0.0
nagoya,run3,5040,554808.0,R03,True,False,0.0
nagoya,run3,5100,554820.0,E04,True,False,0.0
nagoya,run3,5100,554820.0,E05,True,False,0.0
nagoya,run3,5100,554820.0,E09,True,False,0.0
nagoya,run3,5100,554820.0,E24,True,False,0.0
nagoya,run3,5100,554820.0,E31,True,False,0.0
nagoya,run3,5100,554820.0,G10,True,False,0.0
nagoya,run3,5100,554820.0,G12,True,False,0.0
nagoya,run3,5100,554820.0,G15,True,False,0.0
nagoya,run3,5100,554820.0,G23,True,False,0.0
nagoya,run3,5100,554820.0,G24,True,False,0.0
nagoya,run3,5100,554820.0,G25,True,False,0.0
nagoya,run3,5100,554820.0,G28,True,False,0.0
nagoya,run3,5100,554820.0,G32,True,False,0.0
nagoya,run3,5100,554820.0,J07,True,False,0.0
nagoya,run3,5100,554820.0,R03,True,False,0.0
nagoya,run3,5160,554832.0,E04,True,False,0.0
nagoya,run3,5160,554832.0,E05,True,False,0.0
nagoya,run3,5160,554832.0,E09,True,False,0.0
nagoya,run3,5160,554832.0,E24,True,False,0.0
nagoya,run3,5160,554832.0,E31,True,False,0.0
nagoya,run3,5160,554832.0,G10,True,False,0.0
nagoya,run3,5160,554832.0,G12,True,False,0.0
nagoya,run3,5160,554832.0,G15,True,False,0.0
nagoya,run3,5160,554832.0,G23,True,False,0.0
nagoya,run3,5160,554832.0,G24,True,False,0.0
nagoya,run3,5160,554832.0,G25,True,False,0.0
nagoya,run3,5160,554832.0,G28,True,False,0.0
nagoya,run3,5160,554832.0,G32,True,False,0.0
nagoya,run3,5160,554832.0,J02,True,False,0.0
nagoya,run3,5160,554832.0,J03,True,False,0.0
nagoya,run3,5160,554832.0,J07,True,False,0.0
nagoya,run3,5160,554832.0,R03,True,False,0.0
